{
  "n_games": 19,
  "score_share": 0.5512412467133828,
  "n_wins": 11,
  "years": [
    2017,
    2018,
    2019,
    2020,
    2021
  ],
  "win_rate": 0.5789473684210527,
  "opponent_score_share": 0.47998861671968684,
  "skill": 150.5160732159911,
  "skill_sigma": 29.293125173226866,
  "name": "Alexander Starfelt",
  "slug": "alexander-starfelt",
  "skill_rank": 29.0,
  "skill_rank_pct": 29.0,
  "skill_history": [
    [
      2011,
      null
    ],
    [
      2012,
      null
    ],
    [
      2016,
      null
    ],
    [
      2017,
      77.0
    ],
    [
      2018,
      106.0
    ],
    [
      2019,
      138.0
    ],
    [
      2020,
      165.0
    ],
    [
      2021,
      151.0
    ]
  ],
  "tournaments": [
    {
      "year": 2017,
      "last_game": {
        "opponent_name": "Robin Linderborg",
        "opponent_slug": "robin-linderborg",
        "score": 2,
        "opponent_score": 7,
        "is_winner": false,
        "stage": "gruppspel"
      },
      "games": [
        {
          "game_id": 124,
          "year": 2017,
          "stage": "gruppspel",
          "stage_level": 0,
          "winner": "p2",
          "name": "Alexander Starfelt",
          "score": 6,
          "score_share": 0.46153846153846156,
          "win_prob": 0.19423259638608725,
          "opponent_name": "Jakob Lien",
          "opponent_score": 7,
          "opponent_score_share": 0.5384615384615384,
          "opponent_win_prob": 0.8057674036139127,
          "is_winner": false,
          "opponent_slug": "jakob-lien",
          "opponent_hist_score_share": 0.5680243456458289
        },
        {
          "game_id": 110,
          "year": 2017,
          "stage": "gruppspel",
          "stage_level": 0,
          "winner": "p2",
          "name": "Alexander Starfelt",
          "score": 7,
          "score_share": 0.7777777777777778,
          "win_prob": 0.46397245640024853,
          "opponent_name": "Sofia \u00d6rning",
          "opponent_score": 2,
          "opponent_score_share": 0.2222222222222222,
          "opponent_win_prob": 0.5360275435997515,
          "is_winner": true,
          "opponent_slug": "sofia-orning",
          "opponent_hist_score_share": 0.4190329941708618
        },
        {
          "game_id": 81,
          "year": 2017,
          "stage": "gruppspel",
          "stage_level": 0,
          "winner": "p1",
          "name": "Alexander Starfelt",
          "score": 2,
          "score_share": 0.2222222222222222,
          "win_prob": 0.49999998499999976,
          "opponent_name": "Robin Linderborg",
          "opponent_score": 7,
          "opponent_score_share": 0.7777777777777778,
          "opponent_win_prob": 0.5000000150000002,
          "is_winner": false,
          "opponent_slug": "robin-linderborg",
          "opponent_hist_score_share": 0.5582165616829482
        }
      ],
      "n_games": 3,
      "n_wins": 1
    },
    {
      "year": 2018,
      "last_game": {
        "opponent_name": "Charlotte Johansson",
        "opponent_slug": "charlotte-johansson",
        "score": 2,
        "opponent_score": 9,
        "is_winner": false,
        "stage": "sextondelsfinal"
      },
      "games": [
        {
          "game_id": 162,
          "year": 2018,
          "stage": "gruppspel",
          "stage_level": 0,
          "winner": "p1",
          "name": "Alexander Starfelt",
          "score": 4,
          "score_share": 0.3333333333333333,
          "win_prob": 0.046296528349436206,
          "opponent_name": "Gabriel Nordenankar",
          "opponent_score": 8,
          "opponent_score_share": 0.6666666666666666,
          "opponent_win_prob": 0.9537034716505638,
          "is_winner": false,
          "opponent_slug": "gabriel-nordenankar",
          "opponent_hist_score_share": 0.6387546156727935
        },
        {
          "game_id": 196,
          "year": 2018,
          "stage": "gruppspel",
          "stage_level": 0,
          "winner": "p1",
          "name": "Alexander Starfelt",
          "score": 7,
          "score_share": 0.5384615384615384,
          "win_prob": 0.7394275726837276,
          "opponent_name": "John Qvale",
          "opponent_score": 6,
          "opponent_score_share": 0.46153846153846156,
          "opponent_win_prob": 0.2605724273162724,
          "is_winner": true,
          "opponent_slug": "john-qvale",
          "opponent_hist_score_share": 0.318958818958819
        },
        {
          "game_id": 203,
          "year": 2018,
          "stage": "gruppspel",
          "stage_level": 0,
          "winner": "p2",
          "name": "Alexander Starfelt",
          "score": 7,
          "score_share": 0.5833333333333334,
          "win_prob": 0.4751305813356598,
          "opponent_name": "Robin Fogelberg",
          "opponent_score": 5,
          "opponent_score_share": 0.4166666666666667,
          "opponent_win_prob": 0.5248694186643402,
          "is_winner": true,
          "opponent_slug": "robin-fogelberg",
          "opponent_hist_score_share": 0.5474311979729937
        },
        {
          "game_id": 227,
          "year": 2018,
          "stage": "sextondelsfinal",
          "stage_level": 1,
          "winner": "p1",
          "name": "Alexander Starfelt",
          "score": 2,
          "score_share": 0.18181818181818182,
          "win_prob": 0.16704969983282147,
          "opponent_name": "Charlotte Johansson",
          "opponent_score": 9,
          "opponent_score_share": 0.8181818181818182,
          "opponent_win_prob": 0.8329503001671785,
          "is_winner": false,
          "opponent_slug": "charlotte-johansson",
          "opponent_hist_score_share": 0.5206228956228955
        }
      ],
      "n_games": 4,
      "n_wins": 2
    },
    {
      "year": 2019,
      "last_game": {
        "opponent_name": "Jens Hultkrans",
        "opponent_slug": "jens-hultkrans",
        "score": 8,
        "opponent_score": 10,
        "is_winner": false,
        "stage": "\u00e5ttondelsfinal"
      },
      "games": [
        {
          "game_id": 295,
          "year": 2019,
          "stage": "gruppspel",
          "stage_level": 0,
          "winner": "p2",
          "name": "Alexander Starfelt",
          "score": 8,
          "score_share": 0.7272727272727273,
          "win_prob": 0.3407379424853705,
          "opponent_name": "Cissi Hellman",
          "opponent_score": 3,
          "opponent_score_share": 0.2727272727272727,
          "opponent_win_prob": 0.6592620575146295,
          "is_winner": true,
          "opponent_slug": "cissi-hellman",
          "opponent_hist_score_share": 0.48071302791411474
        },
        {
          "game_id": 279,
          "year": 2019,
          "stage": "gruppspel",
          "stage_level": 0,
          "winner": "p1",
          "name": "Alexander Starfelt",
          "score": 9,
          "score_share": 0.8181818181818182,
          "win_prob": 0.8638071659272915,
          "opponent_name": "Kajsa Hallberg-Nor.",
          "opponent_score": 2,
          "opponent_score_share": 0.18181818181818182,
          "opponent_win_prob": 0.13619283407270855,
          "is_winner": true,
          "opponent_slug": "kajsa-hallberg-nor",
          "opponent_hist_score_share": 0.2762001961199822
        },
        {
          "game_id": 334,
          "year": 2019,
          "stage": "sextondelsfinal",
          "stage_level": 1,
          "winner": "p1",
          "name": "Alexander Starfelt",
          "score": 10,
          "score_share": 0.8333333333333334,
          "win_prob": 0.7659539118818832,
          "opponent_name": "Olga Andersson",
          "opponent_score": 2,
          "opponent_score_share": 0.16666666666666666,
          "opponent_win_prob": 0.23404608811811678,
          "is_winner": true,
          "opponent_slug": "olga-andersson",
          "opponent_hist_score_share": 0.3452380952380953
        },
        {
          "game_id": 346,
          "year": 2019,