{
  "n_games": 13,
  "score_share": 0.39508248162094317,
  "n_wins": 3,
  "years": [
    2012,
    2016,
    2018,
    2020,
    2021,
    2022
  ],
  "win_rate": 0.23076923076923078,
  "opponent_score_share": 0.480542737332869,
  "skill": 39.09115102158381,
  "skill_sigma": 39.099113967327305,
  "name": "Frida \u00d6hrn",
  "slug": "frida-ohrn",
  "skill_rank": 115.0,
  "skill_rank_pct": 115.0,
  "skill_history": [
    [
      2011,
      null
    ],
    [
      2012,
      83.0
    ],
    [
      2016,
      35.0
    ],
    [
      2017,
      null
    ],
    [
      2018,
      -2.0
    ],
    [
      2019,
      null
    ],
    [
      2020,
      10.0
    ],
    [
      2021,
      41.0
    ],
    [
      2022,
      39.0
    ]
  ],
  "tournaments": [
    {
      "year": 2012,
      "last_game": {
        "opponent_name": "Jakob Lien",
        "opponent_slug": "jakob-lien",
        "score": 4,
        "opponent_score": 7,
        "is_winner": false,
        "stage": "gruppspel"
      },
      "games": [
        {
          "game_id": 27,
          "year": 2012,
          "stage": "gruppspel",
          "stage_level": 0,
          "winner": "p2",
          "name": "Frida \u00d6hrn",
          "score": 7,
          "score_share": 0.6363636363636364,
          "win_prob": 0.7622531274724101,
          "opponent_name": "Sofia R\u00e5dstr\u00f6m",
          "opponent_score": 4,
          "opponent_score_share": 0.36363636363636365,
          "opponent_win_prob": 0.23774687252758983,
          "is_winner": true,
          "opponent_slug": "sofia-radstrom",
          "opponent_hist_score_share": 0.343188184364655
        },
        {
          "game_id": 35,
          "year": 2012,
          "stage": "gruppspel",
          "stage_level": 0,
          "winner": "p1",
          "name": "Frida \u00d6hrn",
          "score": 4,
          "score_share": 0.36363636363636365,
          "win_prob": 0.4823738229221546,
          "opponent_name": "Jakob Lien",
          "opponent_score": 7,
          "opponent_score_share": 0.6363636363636364,
          "opponent_win_prob": 0.5176261770778454,
          "is_winner": false,
          "opponent_slug": "jakob-lien",
          "opponent_hist_score_share": 0.5680243456458289
        }
      ],
      "n_games": 2,
      "n_wins": 1
    },
    {
      "year": 2016,
      "last_game": {
        "opponent_name": "Daniel Mensak",
        "opponent_slug": "daniel-mensak",
        "score": 1,
        "opponent_score": 7,
        "is_winner": false,
        "stage": "gruppspel"
      },
      "games": [
        {
          "game_id": 70,
          "year": 2016,
          "stage": "gruppspel",
          "stage_level": 0,
          "winner": "p2",
          "name": "Frida \u00d6hrn",
          "score": 6,
          "score_share": 0.46153846153846156,
          "win_prob": 0.3743229281246003,
          "opponent_name": "Felix H\u00e4ggstr\u00f6m",
          "opponent_score": 7,
          "opponent_score_share": 0.5384615384615384,
          "opponent_win_prob": 0.6256770718753997,
          "is_winner": false,
          "opponent_slug": "felix-haggstrom",
          "opponent_hist_score_share": 0.4192307692307692
        },
        {
          "game_id": 55,
          "year": 2016,
          "stage": "gruppspel",
          "stage_level": 0,
          "winner": "p1",
          "name": "Frida \u00d6hrn",
          "score": 1,
          "score_share": 0.125,
          "win_prob": 0.4520949345763089,
          "opponent_name": "Daniel Mensak",
          "opponent_score": 7,
          "opponent_score_share": 0.875,
          "opponent_win_prob": 0.5479050654236911,
          "is_winner": false,
          "opponent_slug": "daniel-mensak",
          "opponent_hist_score_share": 0.6307142857142857
        }
      ],
      "n_games": 2,
      "n_wins": 0
    },
    {
      "year": 2018,
      "last_game": {
        "opponent_name": "Olle Hjort",
        "opponent_slug": "olle-hjort",
        "score": 4,
        "opponent_score": 7,
        "is_winner": false,
        "stage": "gruppspel"
      },
      "games": [
        {
          "game_id": 199,
          "year": 2018,
          "stage": "gruppspel",
          "stage_level": 0,
          "winner": "p1",
          "name": "Frida \u00d6hrn",
          "score": 6,
          "score_share": 0.46153846153846156,
          "win_prob": 0.4370624547831621,
          "opponent_name": "Ylva Andr\u00e9asson",
          "opponent_score": 7,
          "opponent_score_share": 0.5384615384615384,
          "opponent_win_prob": 0.5629375452168379,
          "is_winner": false,
          "opponent_slug": "ylva-andreasson",
          "opponent_hist_score_share": 0.5159032144326262
        },
        {
          "game_id": 169,
          "year": 2018,
          "stage": "gruppspel",
          "stage_level": 0,
          "winner": "p2",
          "name": "Frida \u00d6hrn",
          "score": 4,
          "score_share": 0.36363636363636365,
          "win_prob": 0.3194519150635189,
          "opponent_name": "Olle Hjort",
          "opponent_score": 7,
          "opponent_score_share": 0.6363636363636364,
          "opponent_win_prob": 0.6805480849364811,
          "is_winner": false,
          "opponent_slug": "olle-hjort",
          "opponent_hist_score_share": 0.28619528619528617
        }
      ],
      "n_games": 2,
      "n_wins": 0
    },
    {
      "year": 2020,
      "last_game": {
        "opponent_name": "Beata Harrysson",
        "opponent_slug": "beata-harrysson",
        "score": 9,
        "opponent_score": 1,
        "is_winner": true,
        "stage": "gruppspel"
      },
      "games": [
        {
          "game_id": 416,
          "year": 2020,
          "stage": "gruppspel",
          "stage_level": 0,
          "winner": "p1",
          "name": "Frida \u00d6hrn",
          "score": 3,
          "score_share": 0.25,
          "win_prob": 0.1325437322456764,
          "opponent_name": "Martyna",
          "opponent_score": 9,
          "opponent_score_share": 0.75,
          "opponent_win_prob": 0.8674562677543236,
          "is_winner": false,
          "opponent_slug": "martyna",
          "opponent_hist_score_share": 0.5338235294117647
        },
        {
          "game_id": 381,
          "year": 2020,
          "stage": "gruppspel",
          "stage_level": 0,
          "winner": "p2",
          "name": "Frida \u00d6hrn",
          "score": 1,
          "score_share": 0.1,
          "win_prob": 0.2228915943409487,
          "opponent_name": "Adriana Lilja",
          "opponent_score": 9,
          "opponent_score_share": 0.9,
          "opponent_win_prob": 0.7771084056590513,
          "is_winner": false,
          "opponent_slug": "adriana-lilja",
          "opponent_hist_score_share": 0.44533756684491976
        },
        {
          "game_id": 405,
          "year": 2020,
          "stage": "gruppspel",
          "stage_level": 0,
          "winner": "p2",
          "name": "Frida \u00d6hrn",
          "score": 9,
          "score_share": 0.9,
          "win_prob": 0.3069147497551935,
          "opponent_name": "Beata Harrysson",
          "opponent_score": 1,
          "opponent_score_share": 0.1,
          "opponent_win_prob": 0.6930852502448065,
          "is_winner": true,
          "opponent_slug": "beata-harrysson",
          "opponent_hist_score_share": 0.296875
        }
      ],
      "n_games": 3,
      "n_wins": 1
    },
    {
      "year": 2021,
      "last_game": {
        "opponent_name": "Lovisa Birgersson",
        "opponent_slug": "lovisa-birgersson",
        "score": 4,
        "opponent_score": 9,
        "is_winner": false,
        "stage": "sextondelsfinal"
      },
      "games": [
        {
          "game_id": 463,
          "year": 2021,
          "stage": "gruppspel",
          "stage_level": 0,
          "winner": "p1",
          "name": "Frida \u00d6hrn",
          "score": 2,
          "score_share": 0.16666666666666666,