{
  "n_games": 26,
  "score_share": 0.48171395597866185,
  "n_wins": 14,
  "years": [
    2019,
    2020,
    2021,
    2022,
    2023,
    2024,
    2025
  ],
  "win_rate": 0.5384615384615384,
  "opponent_score_share": 0.4741582169346944,
  "skill": 137.54778920556907,
  "skill_sigma": 24.17710696341841,
  "name": "Jakob Gustafsson",
  "slug": "jakob-gustafsson",
  "skill_rank": 48.0,
  "skill_rank_pct": 48.0,
  "skill_history": [
    [
      2011,
      null
    ],
    [
      2012,
      null
    ],
    [
      2016,
      null
    ],
    [
      2017,
      null
    ],
    [
      2018,
      null
    ],
    [
      2019,
      41.0
    ],
    [
      2020,
      84.0
    ],
    [
      2021,
      130.0
    ],
    [
      2022,
      144.0
    ],
    [
      2023,
      144.0
    ],
    [
      2024,
      144.0
    ],
    [
      2025,
      138.0
    ]
  ],
  "tournaments": [
    {
      "year": 2019,
      "last_game": {
        "opponent_name": "Jerker Karlsson",
        "opponent_slug": "jerker-karlsson",
        "score": 5,
        "opponent_score": 8,
        "is_winner": false,
        "stage": "gruppspel"
      },
      "games": [
        {
          "game_id": 269,
          "year": 2019,
          "stage": "gruppspel",
          "stage_level": 0,
          "winner": "p1",
          "name": "Jakob Gustafsson",
          "score": 3,
          "score_share": 0.2727272727272727,
          "win_prob": 0.6440893190850083,
          "opponent_name": "Fanny Kjellner",
          "opponent_score": 8,
          "opponent_score_share": 0.7272727272727273,
          "opponent_win_prob": 0.3559106809149917,
          "is_winner": false,
          "opponent_slug": "fanny-kjellner",
          "opponent_hist_score_share": 0.47074915824915825
        },
        {
          "game_id": 306,
          "year": 2019,
          "stage": "gruppspel",
          "stage_level": 0,
          "winner": "p2",
          "name": "Jakob Gustafsson",
          "score": 8,
          "score_share": 0.6666666666666666,
          "win_prob": 0.6478291389742045,
          "opponent_name": "John Qvale",
          "opponent_score": 4,
          "opponent_score_share": 0.3333333333333333,
          "opponent_win_prob": 0.35217086102579553,
          "is_winner": true,
          "opponent_slug": "john-qvale",
          "opponent_hist_score_share": 0.3778044376258662
        },
        {
          "game_id": 314,
          "year": 2019,
          "stage": "gruppspel",
          "stage_level": 0,
          "winner": "p1",
          "name": "Jakob Gustafsson",
          "score": 5,
          "score_share": 0.38461538461538464,
          "win_prob": 0.1508705235553215,
          "opponent_name": "Jerker Karlsson",
          "opponent_score": 8,
          "opponent_score_share": 0.6153846153846154,
          "opponent_win_prob": 0.8491294764446785,
          "is_winner": false,
          "opponent_slug": "jerker-karlsson",
          "opponent_hist_score_share": 0.5263087714504718
        }
      ],
      "n_games": 3,
      "n_wins": 1
    },
    {
      "year": 2020,
      "last_game": {
        "opponent_name": "Benjamin Ger. Hed.",
        "opponent_slug": "benjamin-ger-hed",
        "score": 3,
        "opponent_score": 11,
        "is_winner": false,
        "stage": "sextondelsfinal"
      },
      "games": [
        {
          "game_id": 385,
          "year": 2020,
          "stage": "gruppspel",
          "stage_level": 0,
          "winner": "p2",
          "name": "Jakob Gustafsson",
          "score": 0,
          "score_share": 0.0,
          "win_prob": 0.1104791242566078,
          "opponent_name": "Simon B\u00f6hm",
          "opponent_score": 9,
          "opponent_score_share": 1.0,
          "opponent_win_prob": 0.8895208757433922,
          "is_winner": false,
          "opponent_slug": "simon-bohm",
          "opponent_hist_score_share": 0.683982683982684
        },
        {
          "game_id": 408,
          "year": 2020,
          "stage": "gruppspel",
          "stage_level": 0,
          "winner": "p1",
          "name": "Jakob Gustafsson",
          "score": 9,
          "score_share": 0.6428571428571429,
          "win_prob": 0.47704502386875447,
          "opponent_name": "Fredrik Berg",
          "opponent_score": 5,
          "opponent_score_share": 0.35714285714285715,
          "opponent_win_prob": 0.5229549761312455,
          "is_winner": true,
          "opponent_slug": "fredrik-berg",
          "opponent_hist_score_share": 0.4198848770277342
        },
        {
          "game_id": 362,
          "year": 2020,
          "stage": "gruppspel",
          "stage_level": 0,
          "winner": "p2",
          "name": "Jakob Gustafsson",
          "score": 9,
          "score_share": 0.5625,
          "win_prob": 0.3333434604454769,
          "opponent_name": "Erik Numan",
          "opponent_score": 7,
          "opponent_score_share": 0.4375,
          "opponent_win_prob": 0.6666565395545231,
          "is_winner": true,
          "opponent_slug": "erik-numan",
          "opponent_hist_score_share": 0.46364990195153843
        },
        {
          "game_id": 422,
          "year": 2020,
          "stage": "sextondelsfinal",
          "stage_level": 1,
          "winner": "p1",
          "name": "Jakob Gustafsson",
          "score": 3,
          "score_share": 0.21428571428571427,
          "win_prob": 0.10697023150309604,
          "opponent_name": "Benjamin Ger. Hed.",
          "opponent_score": 11,
          "opponent_score_share": 0.7857142857142857,
          "opponent_win_prob": 0.893029768496904,
          "is_winner": false,
          "opponent_slug": "benjamin-ger-hed",
          "opponent_hist_score_share": 0.6318897883013175
        }
      ],
      "n_games": 4,
      "n_wins": 2
    },
    {
      "year": 2021,
      "last_game": {
        "opponent_name": "Benjamin Ger. Hed.",
        "opponent_slug": "benjamin-ger-hed",
        "score": 3,
        "opponent_score": 10,
        "is_winner": false,
        "stage": "\u00e5ttondelsfinal"
      },
      "games": [
        {
          "game_id": 477,
          "year": 2021,
          "stage": "gruppspel",
          "stage_level": 0,
          "winner": "p1",
          "name": "Jakob Gustafsson",
          "score": 9,
          "score_share": 0.6428571428571429,
          "win_prob": 0.4508909833360337,
          "opponent_name": "Jessica James",
          "opponent_score": 5,
          "opponent_score_share": 0.35714285714285715,
          "opponent_win_prob": 0.5491090166639663,
          "is_winner": true,
          "opponent_slug": "jessica-james",
          "opponent_hist_score_share": 0.3035714285714286
        },
        {
          "game_id": 494,
          "year": 2021,
          "stage": "gruppspel",
          "stage_level": 0,
          "winner": "p2",
          "name": "Jakob Gustafsson",
          "score": 9,
          "score_share": 0.75,
          "win_prob": 0.20542033825732564,
          "opponent_name": "Robin Fogelberg",
          "opponent_score": 3,
          "opponent_score_share": 0.25,
          "opponent_win_prob": 0.7945796617426744,
          "is_winner": true,
          "opponent_slug": "robin-fogelberg",
          "opponent_hist_score_share": 0.5605132591422913
        },
        {
          "game_id": 528,
          "year": 2021,
          "stage": "sextondelsfinal",
          "stage_level": 1,
          "winner": "p1",
          "name": "Jakob Gustafsson",
          "score": 10,
          "score_share": 0.5882352941176471,
          "win_prob": 0.9188265632554081,
          "opponent_name": "Kajsa Hallberg-Nor.",
          "opponent_score": 7,
          "opponent_score_share": 0.4117647058823529,
          "opponent_win_prob": 0.08117343674459188,
          "is_winner": true,
          "opponent_slug": "kajsa-hallberg-nor",
          "opponent_hist_score_share": 0.24440404846979244
        },
        {
          "game_id": 540,
          "year": 2021,