{
  "n_games": 23,
  "score_share": 0.4658863621459529,
  "n_wins": 13,
  "years": [
    2016,
    2018,
    2019,
    2021,
    2023,
    2024,
    2025
  ],
  "win_rate": 0.5652173913043478,
  "opponent_score_share": 0.5026656825169814,
  "skill": 158.0338675985976,
  "skill_sigma": 24.25612112951573,
  "name": "Jens Finn\u00e4s",
  "slug": "jens-finnas",
  "skill_rank": 32.0,
  "skill_rank_pct": 32.0,
  "skill_history": [
    [
      2011,
      null
    ],
    [
      2012,
      null
    ],
    [
      2016,
      94.0
    ],
    [
      2017,
      null
    ],
    [
      2018,
      134.0
    ],
    [
      2019,
      150.0
    ],
    [
      2020,
      null
    ],
    [
      2021,
      164.0
    ],
    [
      2022,
      null
    ],
    [
      2023,
      180.0
    ],
    [
      2024,
      162.0
    ],
    [
      2025,
      158.0
    ]
  ],
  "tournaments": [
    {
      "year": 2016,
      "last_game": {
        "opponent_name": "Lotta Harder",
        "opponent_slug": "lotta-harder",
        "score": 2,
        "opponent_score": 8,
        "is_winner": false,
        "stage": "gruppspel"
      },
      "games": [
        {
          "game_id": 69,
          "year": 2016,
          "stage": "gruppspel",
          "stage_level": 0,
          "winner": "p1",
          "name": "Jens Finn\u00e4s",
          "score": 7,
          "score_share": 0.6363636363636364,
          "win_prob": 0.46996642796089894,
          "opponent_name": "John Qvale",
          "opponent_score": 4,
          "opponent_score_share": 0.36363636363636365,
          "opponent_win_prob": 0.5300335720391011,
          "is_winner": true,
          "opponent_slug": "john-qvale",
          "opponent_hist_score_share": 0.3778044376258662
        },
        {
          "game_id": 54,
          "year": 2016,
          "stage": "gruppspel",
          "stage_level": 0,
          "winner": "p1",
          "name": "Jens Finn\u00e4s",
          "score": 2,
          "score_share": 0.2,
          "win_prob": 0.49999998499999976,
          "opponent_name": "Lotta Harder",
          "opponent_score": 8,
          "opponent_score_share": 0.8,
          "opponent_win_prob": 0.5000000150000002,
          "is_winner": false,
          "opponent_slug": "lotta-harder",
          "opponent_hist_score_share": 0.5641247641247641
        }
      ],
      "n_games": 2,
      "n_wins": 1
    },
    {
      "year": 2018,
      "last_game": {
        "opponent_name": "Love Andr\u00e9asson",
        "opponent_slug": "love-andreasson",
        "score": 2,
        "opponent_score": 9,
        "is_winner": false,
        "stage": "sextondelsfinal"
      },
      "games": [
        {
          "game_id": 161,
          "year": 2018,
          "stage": "gruppspel",
          "stage_level": 0,
          "winner": "p2",
          "name": "Jens Finn\u00e4s",
          "score": 7,
          "score_share": 0.6363636363636364,
          "win_prob": 0.4838402210525887,
          "opponent_name": "Joakim Lundin",
          "opponent_score": 4,
          "opponent_score_share": 0.36363636363636365,
          "opponent_win_prob": 0.5161597789474113,
          "is_winner": true,
          "opponent_slug": "joakim-lundin",
          "opponent_hist_score_share": 0.39805194805194805
        },
        {
          "game_id": 181,
          "year": 2018,
          "stage": "gruppspel",
          "stage_level": 0,
          "winner": "p2",
          "name": "Jens Finn\u00e4s",
          "score": 7,
          "score_share": 0.7,
          "win_prob": 0.39423313548712424,
          "opponent_name": "Kusha Bahrami",
          "opponent_score": 3,
          "opponent_score_share": 0.3,
          "opponent_win_prob": 0.6057668645128758,
          "is_winner": true,
          "opponent_slug": "kusha-bahrami",
          "opponent_hist_score_share": 0.47827151198474727
        },
        {
          "game_id": 229,
          "year": 2018,
          "stage": "sextondelsfinal",
          "stage_level": 1,
          "winner": "p2",
          "name": "Jens Finn\u00e4s",
          "score": 2,
          "score_share": 0.18181818181818182,
          "win_prob": 0.4879287612448507,
          "opponent_name": "Love Andr\u00e9asson",
          "opponent_score": 9,
          "opponent_score_share": 0.8181818181818182,
          "opponent_win_prob": 0.5120712387551494,
          "is_winner": false,
          "opponent_slug": "love-andreasson",
          "opponent_hist_score_share": 0.5925543702329417
        }
      ],
      "n_games": 3,
      "n_wins": 2
    },
    {
      "year": 2019,
      "last_game": {
        "opponent_name": "Erik Nordenankar",
        "opponent_slug": "erik-nordenankar",
        "score": 2,
        "opponent_score": 11,
        "is_winner": false,
        "stage": "sextondelsfinal"
      },
      "games": [
        {
          "game_id": 277,
          "year": 2019,
          "stage": "gruppspel",
          "stage_level": 0,
          "winner": "p1",
          "name": "Jens Finn\u00e4s",
          "score": 9,
          "score_share": 0.6923076923076923,
          "win_prob": 0.6857763477204726,
          "opponent_name": "Edith S\u00f6derstr\u00f6m",
          "opponent_score": 4,
          "opponent_score_share": 0.3076923076923077,
          "opponent_win_prob": 0.3142236522795274,
          "is_winner": true,
          "opponent_slug": "edith-soderstrom",
          "opponent_hist_score_share": 0.26965811965811964
        },
        {
          "game_id": 326,
          "year": 2019,
          "stage": "gruppspel",
          "stage_level": 0,
          "winner": "p1",
          "name": "Jens Finn\u00e4s",
          "score": 8,
          "score_share": 0.5333333333333333,
          "win_prob": 0.44340663991940404,
          "opponent_name": "Hannes Jordan",
          "opponent_score": 7,
          "opponent_score_share": 0.4666666666666667,
          "opponent_win_prob": 0.5565933600805959,
          "is_winner": true,
          "opponent_slug": "hannes-jordan",
          "opponent_hist_score_share": 0.5798265565343363
        },
        {
          "game_id": 294,
          "year": 2019,
          "stage": "gruppspel",
          "stage_level": 0,
          "winner": "p1",
          "name": "Jens Finn\u00e4s",
          "score": 5,
          "score_share": 0.35714285714285715,
          "win_prob": 0.1463842116170786,
          "opponent_name": "Gabriel Nordenankar",
          "opponent_score": 9,
          "opponent_score_share": 0.6428571428571429,
          "opponent_win_prob": 0.8536157883829214,
          "is_winner": false,
          "opponent_slug": "gabriel-nordenankar",
          "opponent_hist_score_share": 0.6605136495334323
        },
        {
          "game_id": 338,
          "year": 2019,
          "stage": "sextondelsfinal",
          "stage_level": 1,
          "winner": "p1",
          "name": "Jens Finn\u00e4s",
          "score": 2,
          "score_share": 0.15384615384615385,
          "win_prob": 0.2644227250181119,
          "opponent_name": "Erik Nordenankar",
          "opponent_score": 11,
          "opponent_score_share": 0.8461538461538461,
          "opponent_win_prob": 0.7355772749818881,
          "is_winner": false,
          "opponent_slug": "erik-nordenankar",
          "opponent_hist_score_share": 0.6713917107373603
        }
      ],
      "n_games": 4,
      "n_wins": 2
    },
    {
      "year": 2021,
      "last_game": {
        "opponent_name": "Pelle Dovborg",
        "opponent_slug": "pelle-dovborg",
        "score": 3,
        "opponent_score": 10,
        "is_winner": false,
        "stage": "sextondelsfinal"
      },
      "games": [
        {
          "game_id": 452,
          "year": 2021,
          "stage": "gruppspel",
          "stage_level": 0,
          "winner": "p1",
          "name": "Jens Finn\u00e4s",
          "score": 11,
          "score_share": 0.6875,
          "win_prob": 0.6508769756215536,