{
  "n_games": 14,
  "score_share": 0.5925543702329417,
  "n_wins": 9,
  "years": [
    2012,
    2017,
    2018,
    2019
  ],
  "win_rate": 0.6428571428571429,
  "opponent_score_share": 0.5201661102842937,
  "skill": 162.49216893538738,
  "skill_sigma": 32.578888729699194,
  "name": "Love Andr\u00e9asson",
  "slug": "love-andreasson",
  "skill_rank": 29.0,
  "skill_rank_pct": 29.0,
  "skill_history": [
    [
      2011,
      null
    ],
    [
      2012,
      166.0
    ],
    [
      2016,
      null
    ],
    [
      2017,
      162.0
    ],
    [
      2018,
      165.0
    ],
    [
      2019,
      162.0
    ],
    [
      2020,
      null
    ],
    [
      2021,
      null
    ],
    [
      2022,
      null
    ],
    [
      2023,
      null
    ],
    [
      2024,
      null
    ],
    [
      2025,
      null
    ]
  ],
  "tournaments": [
    {
      "year": 2012,
      "last_game": {
        "opponent_name": "Filip Tyd\u00e9n",
        "opponent_slug": "filip-tyden",
        "score": 5,
        "opponent_score": 7,
        "is_winner": false,
        "stage": "kvartsfinal"
      },
      "games": [
        {
          "game_id": 22,
          "year": 2012,
          "stage": "gruppspel",
          "stage_level": 0,
          "winner": "p2",
          "name": "Love Andr\u00e9asson",
          "score": 7,
          "score_share": 0.5833333333333334,
          "win_prob": 0.42705115455767495,
          "opponent_name": "Olof Sabelstr\u00f6m",
          "opponent_score": 5,
          "opponent_score_share": 0.4166666666666667,
          "opponent_win_prob": 0.572948845442325,
          "is_winner": true,
          "opponent_slug": "olof-sabelstrom",
          "opponent_hist_score_share": 0.35000000000000003
        },
        {
          "game_id": 38,
          "year": 2012,
          "stage": "gruppspel",
          "stage_level": 0,
          "winner": "p2",
          "name": "Love Andr\u00e9asson",
          "score": 7,
          "score_share": 0.7777777777777778,
          "win_prob": 0.6074692900099457,
          "opponent_name": "Gabriel Nordenankar",
          "opponent_score": 2,
          "opponent_score_share": 0.2222222222222222,
          "opponent_win_prob": 0.3925307099900544,
          "is_winner": true,
          "opponent_slug": "gabriel-nordenankar",
          "opponent_hist_score_share": 0.6605136495334323
        },
        {
          "game_id": 42,
          "year": 2012,
          "stage": "kvartsfinal",
          "stage_level": 3,
          "winner": "p1",
          "name": "Love Andr\u00e9asson",
          "score": 5,
          "score_share": 0.4166666666666667,
          "win_prob": 0.5493434398456067,
          "opponent_name": "Filip Tyd\u00e9n",
          "opponent_score": 7,
          "opponent_score_share": 0.5833333333333334,
          "opponent_win_prob": 0.4506565601543932,
          "is_winner": false,
          "opponent_slug": "filip-tyden",
          "opponent_hist_score_share": 0.6461829836829838
        }
      ],
      "n_games": 3,
      "n_wins": 2
    },
    {
      "year": 2017,
      "last_game": {
        "opponent_name": "Jerker Karlsson",
        "opponent_slug": "jerker-karlsson",
        "score": 1,
        "opponent_score": 9,
        "is_winner": false,
        "stage": "\u00e5ttondelsfinal"
      },
      "games": [
        {
          "game_id": 80,
          "year": 2017,
          "stage": "gruppspel",
          "stage_level": 0,
          "winner": "p1",
          "name": "Love Andr\u00e9asson",
          "score": 7,
          "score_share": 0.875,
          "win_prob": 0.6853818407862872,
          "opponent_name": "Sofia \u00d6rning",
          "opponent_score": 1,
          "opponent_score_share": 0.125,
          "opponent_win_prob": 0.31461815921371283,
          "is_winner": true,
          "opponent_slug": "sofia-orning",
          "opponent_hist_score_share": 0.4011214843695662
        },
        {
          "game_id": 100,
          "year": 2017,
          "stage": "gruppspel",
          "stage_level": 0,
          "winner": "p1",
          "name": "Love Andr\u00e9asson",
          "score": 8,
          "score_share": 0.7272727272727273,
          "win_prob": 0.5945873624694792,
          "opponent_name": "Robin Linderborg",
          "opponent_score": 3,
          "opponent_score_share": 0.2727272727272727,
          "opponent_win_prob": 0.4054126375305208,
          "is_winner": true,
          "opponent_slug": "robin-linderborg",
          "opponent_hist_score_share": 0.5612544871320962
        },
        {
          "game_id": 133,
          "year": 2017,
          "stage": "\u00e5ttondelsfinal",
          "stage_level": 2,
          "winner": "p2",
          "name": "Love Andr\u00e9asson",
          "score": 1,
          "score_share": 0.1,
          "win_prob": 0.7198597325483795,
          "opponent_name": "Jerker Karlsson",
          "opponent_score": 9,
          "opponent_score_share": 0.9,
          "opponent_win_prob": 0.28014026745162046,
          "is_winner": false,
          "opponent_slug": "jerker-karlsson",
          "opponent_hist_score_share": 0.5263087714504718
        }
      ],
      "n_games": 3,
      "n_wins": 2
    },
    {
      "year": 2018,
      "last_game": {
        "opponent_name": "Robin Linderborg",
        "opponent_slug": "robin-linderborg",
        "score": 7,
        "opponent_score": 9,
        "is_winner": false,
        "stage": "\u00e5ttondelsfinal"
      },
      "games": [
        {
          "game_id": 147,
          "year": 2018,
          "stage": "gruppspel",
          "stage_level": 0,
          "winner": "p1",
          "name": "Love Andr\u00e9asson",
          "score": 8,
          "score_share": 0.5714285714285714,
          "win_prob": 0.68046420049207,
          "opponent_name": "Isabell Dillstr\u00f6m",
          "opponent_score": 6,
          "opponent_score_share": 0.42857142857142855,
          "opponent_win_prob": 0.31953579950793,
          "is_winner": true,
          "opponent_slug": "isabell-dillstrom",
          "opponent_hist_score_share": 0.35746753246753243
        },
        {
          "game_id": 202,
          "year": 2018,
          "stage": "gruppspel",
          "stage_level": 0,
          "winner": "p1",
          "name": "Love Andr\u00e9asson",
          "score": 7,
          "score_share": 0.7,
          "win_prob": 0.7277633975919096,
          "opponent_name": "Pelle Dovborg",
          "opponent_score": 3,
          "opponent_score_share": 0.3,
          "opponent_win_prob": 0.27223660240809044,
          "is_winner": true,
          "opponent_slug": "pelle-dovborg",
          "opponent_hist_score_share": 0.5601130539684227
        },
        {
          "game_id": 174,
          "year": 2018,
          "stage": "gruppspel",
          "stage_level": 0,
          "winner": "p1",
          "name": "Love Andr\u00e9asson",
          "score": 3,
          "score_share": 0.2727272727272727,
          "win_prob": 0.3657049020511658,
          "opponent_name": "Erik Nordenankar",
          "opponent_score": 8,
          "opponent_score_share": 0.7272727272727273,
          "opponent_win_prob": 0.6342950979488342,
          "is_winner": false,
          "opponent_slug": "erik-nordenankar",
          "opponent_hist_score_share": 0.6713917107373603
        },
        {
          "game_id": 229,
          "year": 2018,
          "stage": "sextondelsfinal",
          "stage_level": 1,
          "winner": "p2",
          "name": "Love Andr\u00e9asson",
          "score": 9,
          "score_share": 0.8181818181818182,
          "win_prob": 0.5120712387551494,
          "opponent_name": "Jens Finn\u00e4s",
          "opponent_score": 2,
          "opponent_score_share": 0.18181818181818182,
          "opponent_win_prob": 0.4879287612448507,
          "is_winner": true,
          "opponent_slug": "jens-finnas",