{
  "n_games": 26,
  "score_share": 0.5907463227674689,
  "n_wins": 19,
  "years": [
    2018,
    2019,
    2020,
    2021
  ],
  "win_rate": 0.7307692307692307,
  "opponent_score_share": 0.5221595492389447,
  "skill": 210.95799100672147,
  "skill_sigma": 21.85696211051665,
  "name": "Robeson",
  "slug": "robeson",
  "skill_rank": 6.0,
  "skill_rank_pct": 6.0,
  "skill_history": [
    [
      2011,
      null
    ],
    [
      2012,
      null
    ],
    [
      2016,
      null
    ],
    [
      2017,
      null
    ],
    [
      2018,
      47.0
    ],
    [
      2019,
      178.0
    ],
    [
      2020,
      212.0
    ],
    [
      2021,
      211.0
    ]
  ],
  "tournaments": [
    {
      "year": 2018,
      "last_game": {
        "opponent_name": "Sebastin Fors\u00e9n",
        "opponent_slug": "sebastin-forsen",
        "score": 5,
        "opponent_score": 7,
        "is_winner": false,
        "stage": "gruppspel"
      },
      "games": [
        {
          "game_id": 215,
          "year": 2018,
          "stage": "gruppspel",
          "stage_level": 0,
          "winner": "p2",
          "name": "Robeson",
          "score": 5,
          "score_share": 0.4166666666666667,
          "win_prob": 0.597040438317912,
          "opponent_name": "Johan Kjell",
          "opponent_score": 7,
          "opponent_score_share": 0.5833333333333334,
          "opponent_win_prob": 0.402959561682088,
          "is_winner": false,
          "opponent_slug": "johan-kjell",
          "opponent_hist_score_share": 0.5761679966633527
        },
        {
          "game_id": 172,
          "year": 2018,
          "stage": "gruppspel",
          "stage_level": 0,
          "winner": "p1",
          "name": "Robeson",
          "score": 7,
          "score_share": 0.6363636363636364,
          "win_prob": 0.7508247564989103,
          "opponent_name": "Johanna R\u00e5dstr\u00f6m",
          "opponent_score": 4,
          "opponent_score_share": 0.36363636363636365,
          "opponent_win_prob": 0.24917524350108966,
          "is_winner": true,
          "opponent_slug": "johanna-radstrom",
          "opponent_hist_score_share": 0.31837560781888513
        },
        {
          "game_id": 187,
          "year": 2018,
          "stage": "gruppspel",
          "stage_level": 0,
          "winner": "p2",
          "name": "Robeson",
          "score": 5,
          "score_share": 0.4166666666666667,
          "win_prob": 0.44749334811055524,
          "opponent_name": "Sebastin Fors\u00e9n",
          "opponent_score": 7,
          "opponent_score_share": 0.5833333333333334,
          "opponent_win_prob": 0.5525066518894448,
          "is_winner": false,
          "opponent_slug": "sebastin-forsen",
          "opponent_hist_score_share": 0.5314737005913477
        }
      ],
      "n_games": 3,
      "n_wins": 1
    },
    {
      "year": 2019,
      "last_game": {
        "opponent_name": "Estrid",
        "opponent_slug": "estrid",
        "score": 13,
        "opponent_score": 5,
        "is_winner": true,
        "stage": "brons"
      },
      "games": [
        {
          "game_id": 298,
          "year": 2019,
          "stage": "gruppspel",
          "stage_level": 0,
          "winner": "p2",
          "name": "Robeson",
          "score": 8,
          "score_share": 0.6666666666666666,
          "win_prob": 0.22097631864824274,
          "opponent_name": "Johannes Birgersson",
          "opponent_score": 4,
          "opponent_score_share": 0.3333333333333333,
          "opponent_win_prob": 0.7790236813517573,
          "is_winner": true,
          "opponent_slug": "johannes-birgersson",
          "opponent_hist_score_share": 0.43399440066106737
        },
        {
          "game_id": 322,
          "year": 2019,
          "stage": "gruppspel",
          "stage_level": 0,
          "winner": "p2",
          "name": "Robeson",
          "score": 9,
          "score_share": 0.75,
          "win_prob": 0.5052915569358893,
          "opponent_name": "Fanny Kjellner",
          "opponent_score": 3,
          "opponent_score_share": 0.25,
          "opponent_win_prob": 0.4947084430641107,
          "is_winner": true,
          "opponent_slug": "fanny-kjellner",
          "opponent_hist_score_share": 0.4707491582491583
        },
        {
          "game_id": 253,
          "year": 2019,
          "stage": "gruppspel",
          "stage_level": 0,
          "winner": "p2",
          "name": "Robeson",
          "score": 4,
          "score_share": 0.3333333333333333,
          "win_prob": 0.3507244808427802,
          "opponent_name": "Magnus Enlund",
          "opponent_score": 8,
          "opponent_score_share": 0.6666666666666666,
          "opponent_win_prob": 0.6492755191572198,
          "is_winner": false,
          "opponent_slug": "magnus-enlund",
          "opponent_hist_score_share": 0.5759506833036245
        },
        {
          "game_id": 336,
          "year": 2019,
          "stage": "sextondelsfinal",
          "stage_level": 1,
          "winner": "p2",
          "name": "Robeson",
          "score": 10,
          "score_share": 0.7142857142857143,
          "win_prob": 0.1377762021657134,
          "opponent_name": "Robin Linderborg",
          "opponent_score": 4,
          "opponent_score_share": 0.2857142857142857,
          "opponent_win_prob": 0.8622237978342866,
          "is_winner": true,
          "opponent_slug": "robin-linderborg",
          "opponent_hist_score_share": 0.5582165616829482
        },
        {
          "game_id": 347,
          "year": 2019,
          "stage": "\u00e5ttondelsfinal",
          "stage_level": 2,
          "winner": "p2",
          "name": "Robeson",
          "score": 10,
          "score_share": 0.6666666666666666,
          "win_prob": 0.3947350227112928,
          "opponent_name": "Cissi Hellman",
          "opponent_score": 5,
          "opponent_score_share": 0.3333333333333333,
          "opponent_win_prob": 0.6052649772887072,
          "is_winner": true,
          "opponent_slug": "cissi-hellman",
          "opponent_hist_score_share": 0.48071302791411474
        },
        {
          "game_id": 353,
          "year": 2019,
          "stage": "kvartsfinal",
          "stage_level": 3,
          "winner": "p1",
          "name": "Robeson",
          "score": 10,
          "score_share": 0.5882352941176471,
          "win_prob": 0.5444884913092913,
          "opponent_name": "Pelle Dovborg",
          "opponent_score": 7,
          "opponent_score_share": 0.4117647058823529,
          "opponent_win_prob": 0.45551150869070867,
          "is_winner": true,
          "opponent_slug": "pelle-dovborg",
          "opponent_hist_score_share": 0.5669484926837869
        },
        {
          "game_id": 356,
          "year": 2019,
          "stage": "semifinal",
          "stage_level": 4,
          "winner": "p1",
          "name": "Robeson",
          "score": 9,
          "score_share": 0.47368421052631576,
          "win_prob": 0.35404629998404213,
          "opponent_name": "Theodore Ripman",
          "opponent_score": 10,
          "opponent_score_share": 0.5263157894736842,
          "opponent_win_prob": 0.6459537000159579,
          "is_winner": false,
          "opponent_slug": "theodore-ripman",
          "opponent_hist_score_share": 0.5584493013252412
        },
        {
          "game_id": 357,
          "year": 2019,
          "stage": "brons",
          "stage_level": 6,
          "winner": "p2",
          "name": "Robeson",
          "score": 13,
          "score_share": 0.7222222222222222,
          "win_prob": 0.19292245856084445,
          "opponent_name": "Estrid",
          "opponent_score": 5,
          "opponent_score_share": 0.2777777777777778,
          "opponent_win_prob": 0.8070775414391556,
          "is_winner": true,
          "opponent_slug": "estrid",
          "opponent_hist_score_share": 0.6307361168816277
        }
      ],
      "n_games": 8,