{
  "n_games": 23,
  "score_share": 0.4011214843695662,
  "n_wins": 7,
  "years": [
    2017,
    2018,
    2019,
    2020,
    2021,
    2022,
    2023,
    2024
  ],
  "win_rate": 0.30434782608695654,
  "opponent_score_share": 0.46657072348306644,
  "skill": 55.015369029914986,
  "skill_sigma": 27.492427751176784,
  "name": "Sofia \u00d6rning",
  "slug": "sofia-orning",
  "skill_rank": 113.0,
  "skill_rank_pct": 113.0,
  "skill_history": [
    [
      2011,
      null
    ],
    [
      2012,
      null
    ],
    [
      2016,
      null
    ],
    [
      2017,
      18.0
    ],
    [
      2018,
      43.0
    ],
    [
      2019,
      41.0
    ],
    [
      2020,
      51.0
    ],
    [
      2021,
      51.0
    ],
    [
      2022,
      30.0
    ],
    [
      2023,
      23.0
    ],
    [
      2024,
      55.0
    ]
  ],
  "tournaments": [
    {
      "year": 2017,
      "last_game": {
        "opponent_name": "Love Andr\u00e9asson",
        "opponent_slug": "love-andreasson",
        "score": 1,
        "opponent_score": 7,
        "is_winner": false,
        "stage": "gruppspel"
      },
      "games": [
        {
          "game_id": 110,
          "year": 2017,
          "stage": "gruppspel",
          "stage_level": 0,
          "winner": "p2",
          "name": "Sofia \u00d6rning",
          "score": 2,
          "score_share": 0.2222222222222222,
          "win_prob": 0.5360275435997515,
          "opponent_name": "Alexander Starfelt",
          "opponent_score": 7,
          "opponent_score_share": 0.7777777777777778,
          "opponent_win_prob": 0.46397245640024853,
          "is_winner": false,
          "opponent_slug": "alexander-starfelt",
          "opponent_hist_score_share": 0.5337973093298171
        },
        {
          "game_id": 80,
          "year": 2017,
          "stage": "gruppspel",
          "stage_level": 0,
          "winner": "p1",
          "name": "Sofia \u00d6rning",
          "score": 1,
          "score_share": 0.125,
          "win_prob": 0.31461815921371283,
          "opponent_name": "Love Andr\u00e9asson",
          "opponent_score": 7,
          "opponent_score_share": 0.875,
          "opponent_win_prob": 0.6853818407862872,
          "is_winner": false,
          "opponent_slug": "love-andreasson",
          "opponent_hist_score_share": 0.5925543702329417
        }
      ],
      "n_games": 2,
      "n_wins": 0
    },
    {
      "year": 2018,
      "last_game": {
        "opponent_name": "Edvin Lindsten",
        "opponent_slug": "edvin-lindsten",
        "score": 8,
        "opponent_score": 9,
        "is_winner": false,
        "stage": "sextondelsfinal"
      },
      "games": [
        {
          "game_id": 159,
          "year": 2018,
          "stage": "gruppspel",
          "stage_level": 0,
          "winner": "p1",
          "name": "Sofia \u00d6rning",
          "score": 7,
          "score_share": 1.0,
          "win_prob": 0.3066335107116617,
          "opponent_name": "Johan Kjell",
          "opponent_score": 0,
          "opponent_score_share": 0.0,
          "opponent_win_prob": 0.6933664892883382,
          "is_winner": true,
          "opponent_slug": "johan-kjell",
          "opponent_hist_score_share": 0.6040345989993392
        },
        {
          "game_id": 208,
          "year": 2018,
          "stage": "gruppspel",
          "stage_level": 0,
          "winner": "p2",
          "name": "Sofia \u00d6rning",
          "score": 1,
          "score_share": 0.125,
          "win_prob": 0.4396649172104286,
          "opponent_name": "Niklas Larsson",
          "opponent_score": 7,
          "opponent_score_share": 0.875,
          "opponent_win_prob": 0.5603350827895714,
          "is_winner": false,
          "opponent_slug": "niklas-larsson",
          "opponent_hist_score_share": 0.5385912698412698
        },
        {
          "game_id": 180,
          "year": 2018,
          "stage": "gruppspel",
          "stage_level": 0,
          "winner": "p1",
          "name": "Sofia \u00d6rning",
          "score": 1,
          "score_share": 0.125,
          "win_prob": 0.0547260487377359,
          "opponent_name": "Edvin Lindsten",
          "opponent_score": 7,
          "opponent_score_share": 0.875,
          "opponent_win_prob": 0.9452739512622641,
          "is_winner": false,
          "opponent_slug": "edvin-lindsten",
          "opponent_hist_score_share": 0.5674037929616024
        },
        {
          "game_id": 224,
          "year": 2018,
          "stage": "sextondelsfinal",
          "stage_level": 1,
          "winner": "p1",
          "name": "Sofia \u00d6rning",
          "score": 8,
          "score_share": 0.47058823529411764,
          "win_prob": 0.02519416238150285,
          "opponent_name": "Edvin Lindsten",
          "opponent_score": 9,
          "opponent_score_share": 0.5294117647058824,
          "opponent_win_prob": 0.9748058376184972,
          "is_winner": false,
          "opponent_slug": "edvin-lindsten",
          "opponent_hist_score_share": 0.5674037929616024
        }
      ],
      "n_games": 4,
      "n_wins": 1
    },
    {
      "year": 2019,
      "last_game": {
        "opponent_name": "Erik Nordenankar",
        "opponent_slug": "erik-nordenankar",
        "score": 4,
        "opponent_score": 9,
        "is_winner": false,
        "stage": "gruppspel"
      },
      "games": [
        {
          "game_id": 265,
          "year": 2019,
          "stage": "gruppspel",
          "stage_level": 0,
          "winner": "p1",
          "name": "Sofia \u00d6rning",
          "score": 9,
          "score_share": 0.6428571428571429,
          "win_prob": 0.3344733669560362,
          "opponent_name": "Olle Nyr\u00e9n",
          "opponent_score": 5,
          "opponent_score_share": 0.35714285714285715,
          "opponent_win_prob": 0.6655266330439638,
          "is_winner": true,
          "opponent_slug": "olle-nyren",
          "opponent_hist_score_share": 0.3392216117216117
        },
        {
          "game_id": 320,
          "year": 2019,
          "stage": "gruppspel",
          "stage_level": 0,
          "winner": "p2",
          "name": "Sofia \u00d6rning",
          "score": 6,
          "score_share": 0.42857142857142855,
          "win_prob": 0.5953878326485975,
          "opponent_name": "Olga Andersson",
          "opponent_score": 8,
          "opponent_score_share": 0.5714285714285714,
          "opponent_win_prob": 0.4046121673514025,
          "is_winner": false,
          "opponent_slug": "olga-andersson",
          "opponent_hist_score_share": 0.3452380952380953
        },
        {
          "game_id": 288,
          "year": 2019,
          "stage": "gruppspel",
          "stage_level": 0,
          "winner": "p1",
          "name": "Sofia \u00d6rning",
          "score": 4,
          "score_share": 0.3076923076923077,
          "win_prob": 0.05287729309699085,
          "opponent_name": "Erik Nordenankar",
          "opponent_score": 9,
          "opponent_score_share": 0.6923076923076923,
          "opponent_win_prob": 0.9471227069030091,
          "is_winner": false,
          "opponent_slug": "erik-nordenankar",
          "opponent_hist_score_share": 0.6808699289679294
        }
      ],
      "n_games": 3,
      "n_wins": 1
    },
    {
      "year": 2020,
      "last_game": {
        "opponent_name": "Charlotte Almgren",
        "opponent_slug": "charlotte-almgren",
        "score": 9,
        "opponent_score": 5,
        "is_winner": true,
        "stage": "gruppspel"
      },
      "games": [
        {
          "game_id": 387,
          "year": 2020,
          "stage": "gruppspel",
          "stage_level": 0,
          "winner": "p2",
          "name": "Sofia \u00d6rning",
          "score": 2,
          "score_share": 0.18181818181818182,
          "win_prob": 0.08009138828313717,
          "opponent_name": "Robin Fogelberg",
          "opponent_score": 9,