{
  "n_games": 19,
  "score_share": 0.5092587006714431,
  "n_wins": 10,
  "years": [
    2020,
    2021,
    2022,
    2023,
    2025
  ],
  "win_rate": 0.5263157894736842,
  "opponent_score_share": 0.48690983198162274,
  "skill": 148.90446400956023,
  "skill_sigma": 27.06209337796648,
  "name": "Tim Samuelsson",
  "slug": "tim-samuelsson",
  "skill_rank": 39.0,
  "skill_rank_pct": 39.0,
  "skill_history": [
    [
      2011,
      null
    ],
    [
      2012,
      null
    ],
    [
      2016,
      null
    ],
    [
      2017,
      null
    ],
    [
      2018,
      null
    ],
    [
      2019,
      null
    ],
    [
      2020,
      128.0
    ],
    [
      2021,
      146.0
    ],
    [
      2022,
      119.0
    ],
    [
      2023,
      127.0
    ],
    [
      2024,
      null
    ],
    [
      2025,
      149.0
    ]
  ],
  "tournaments": [
    {
      "year": 2020,
      "last_game": {
        "opponent_name": "Jens Hultkrans",
        "opponent_slug": "jens-hultkrans",
        "score": 5,
        "opponent_score": 11,
        "is_winner": false,
        "stage": "\u00e5ttondelsfinal"
      },
      "games": [
        {
          "game_id": 374,
          "year": 2020,
          "stage": "gruppspel",
          "stage_level": 0,
          "winner": "p2",
          "name": "Tim Samuelsson",
          "score": 4,
          "score_share": 0.3076923076923077,
          "win_prob": 0.2631401781668132,
          "opponent_name": "Jens Hultkrans",
          "opponent_score": 9,
          "opponent_score_share": 0.6923076923076923,
          "opponent_win_prob": 0.7368598218331868,
          "is_winner": false,
          "opponent_slug": "jens-hultkrans",
          "opponent_hist_score_share": 0.5241481013539837
        },
        {
          "game_id": 402,
          "year": 2020,
          "stage": "gruppspel",
          "stage_level": 0,
          "winner": "p2",
          "name": "Tim Samuelsson",
          "score": 9,
          "score_share": 0.8181818181818182,
          "win_prob": 0.5049558442717784,
          "opponent_name": "Linn Enhage",
          "opponent_score": 2,
          "opponent_score_share": 0.18181818181818182,
          "opponent_win_prob": 0.4950441557282216,
          "is_winner": true,
          "opponent_slug": "linn-enhage",
          "opponent_hist_score_share": 0.35837486420065606
        },
        {
          "game_id": 420,
          "year": 2020,
          "stage": "sextondelsfinal",
          "stage_level": 1,
          "winner": "p2",
          "name": "Tim Samuelsson",
          "score": 11,
          "score_share": 0.6875,
          "win_prob": 0.3612799888770264,
          "opponent_name": "Caroline Edholm",
          "opponent_score": 5,
          "opponent_score_share": 0.3125,
          "opponent_win_prob": 0.6387200111229736,
          "is_winner": true,
          "opponent_slug": "caroline-edholm",
          "opponent_hist_score_share": 0.46428571428571425
        },
        {
          "game_id": 436,
          "year": 2020,
          "stage": "\u00e5ttondelsfinal",
          "stage_level": 2,
          "winner": "p2",
          "name": "Tim Samuelsson",
          "score": 5,
          "score_share": 0.3125,
          "win_prob": 0.4432535633224018,
          "opponent_name": "Jens Hultkrans",
          "opponent_score": 11,
          "opponent_score_share": 0.6875,
          "opponent_win_prob": 0.5567464366775983,
          "is_winner": false,
          "opponent_slug": "jens-hultkrans",
          "opponent_hist_score_share": 0.5241481013539837
        }
      ],
      "n_games": 4,
      "n_wins": 2
    },
    {
      "year": 2021,
      "last_game": {
        "opponent_name": "Erik Numan",
        "opponent_slug": "erik-numan",
        "score": 3,
        "opponent_score": 10,
        "is_winner": false,
        "stage": "sextondelsfinal"
      },
      "games": [
        {
          "game_id": 458,
          "year": 2021,
          "stage": "gruppspel",
          "stage_level": 0,
          "winner": "p1",
          "name": "Tim Samuelsson",
          "score": 9,
          "score_share": 0.9,
          "win_prob": 0.5819248497875111,
          "opponent_name": "Chris Lowe",
          "opponent_score": 1,
          "opponent_score_share": 0.1,
          "opponent_win_prob": 0.41807515021248887,
          "is_winner": true,
          "opponent_slug": "chris-lowe",
          "opponent_hist_score_share": 0.4107145750862328
        },
        {
          "game_id": 483,
          "year": 2021,
          "stage": "gruppspel",
          "stage_level": 0,
          "winner": "p2",
          "name": "Tim Samuelsson",
          "score": 9,
          "score_share": 0.6,
          "win_prob": 0.3967160851370237,
          "opponent_name": "Alexander Starfelt",
          "opponent_score": 6,
          "opponent_score_share": 0.4,
          "opponent_win_prob": 0.6032839148629763,
          "is_winner": true,
          "opponent_slug": "alexander-starfelt",
          "opponent_hist_score_share": 0.5337973093298171
        },
        {
          "game_id": 526,
          "year": 2021,
          "stage": "sextondelsfinal",
          "stage_level": 1,
          "winner": "p2",
          "name": "Tim Samuelsson",
          "score": 3,
          "score_share": 0.23076923076923078,
          "win_prob": 0.6621333282080839,
          "opponent_name": "Erik Numan",
          "opponent_score": 10,
          "opponent_score_share": 0.7692307692307693,
          "opponent_win_prob": 0.3378666717919161,
          "is_winner": false,
          "opponent_slug": "erik-numan",
          "opponent_hist_score_share": 0.46364990195153843
        }
      ],
      "n_games": 3,
      "n_wins": 2
    },
    {
      "year": 2022,
      "last_game": {
        "opponent_name": "Sebastian Schneider",
        "opponent_slug": "sebastian-schneider",
        "score": 4,
        "opponent_score": 9,
        "is_winner": false,
        "stage": "gruppspel"
      },
      "games": [
        {
          "game_id": 617,
          "year": 2022,
          "stage": "gruppspel",
          "stage_level": 0,
          "winner": "p2",
          "name": "Tim Samuelsson",
          "score": 5,
          "score_share": 0.35714285714285715,
          "win_prob": 0.7292985293631098,
          "opponent_name": "Amanda Engstr\u00f6m",
          "opponent_score": 9,
          "opponent_score_share": 0.6428571428571429,
          "opponent_win_prob": 0.2707014706368902,
          "is_winner": false,
          "opponent_slug": "amanda-engstrom",
          "opponent_hist_score_share": 0.48798056518644756
        },
        {
          "game_id": 589,
          "year": 2022,
          "stage": "gruppspel",
          "stage_level": 0,
          "winner": "p1",
          "name": "Tim Samuelsson",
          "score": 4,
          "score_share": 0.3076923076923077,
          "win_prob": 0.4310110280844057,
          "opponent_name": "Sebastian Schneider",
          "opponent_score": 9,
          "opponent_score_share": 0.6923076923076923,
          "opponent_win_prob": 0.5689889719155943,
          "is_winner": false,
          "opponent_slug": "sebastian-schneider",
          "opponent_hist_score_share": 0.5649069884364002
        }
      ],
      "n_games": 2,
      "n_wins": 0
    },
    {
      "year": 2023,
      "last_game": {
        "opponent_name": "Erik Nordenankar",
        "opponent_slug": "erik-nordenankar",
        "score": 5,
        "opponent_score": 10,
        "is_winner": false,
        "stage": "sextondelsfinal"
      },
      "games": [
        {
          "game_id": 690,
          "year": 2023,
          "stage": "gruppspel",
          "stage_level": 0,
          "winner": "p2",
          "name": "Tim Samuelsson",
          "score": 5,
          "score_share": 0.35714285714285715,
          "win_prob": 0.28296195303646005,
          "opponent_name": "Jens Finn\u00e4s",
          "opponent_score": 9,