{
  "n_games": 26,
  "score_share": 0.4262469368238599,
  "n_wins": 12,
  "years": [
    2017,
    2018,
    2019,
    2020,
    2021,
    2022,
    2023,
    2024,
    2025
  ],
  "win_rate": 0.46153846153846156,
  "opponent_score_share": 0.5280847321661638,
  "skill": 119.32724474247252,
  "skill_sigma": 22.282929530520857,
  "name": "Ville Nordenankar",
  "slug": "ville-nordenankar",
  "skill_rank": 73.0,
  "skill_rank_pct": 73.0,
  "skill_history": [
    [
      2011,
      null
    ],
    [
      2012,
      null
    ],
    [
      2016,
      null
    ],
    [
      2017,
      196.0
    ],
    [
      2018,
      202.0
    ],
    [
      2019,
      158.0
    ],
    [
      2020,
      126.0
    ],
    [
      2021,
      108.0
    ],
    [
      2022,
      92.0
    ],
    [
      2023,
      120.0
    ],
    [
      2024,
      132.0
    ],
    [
      2025,
      119.0
    ]
  ],
  "tournaments": [
    {
      "year": 2017,
      "last_game": {
        "opponent_name": "Erik Nordenankar",
        "opponent_slug": "erik-nordenankar",
        "score": 1,
        "opponent_score": 9,
        "is_winner": false,
        "stage": "kvartsfinal"
      },
      "games": [
        {
          "game_id": 86,
          "year": 2017,
          "stage": "gruppspel",
          "stage_level": 0,
          "winner": "p2",
          "name": "Ville Nordenankar",
          "score": 7,
          "score_share": 0.7777777777777778,
          "win_prob": 0.3107781765585469,
          "opponent_name": "Johan Kjell",
          "opponent_score": 2,
          "opponent_score_share": 0.2222222222222222,
          "opponent_win_prob": 0.6892218234414531,
          "is_winner": true,
          "opponent_slug": "johan-kjell",
          "opponent_hist_score_share": 0.6084677404065949
        },
        {
          "game_id": 103,
          "year": 2017,
          "stage": "gruppspel",
          "stage_level": 0,
          "winner": "p2",
          "name": "Ville Nordenankar",
          "score": 7,
          "score_share": 0.5833333333333334,
          "win_prob": 0.6157460275695373,
          "opponent_name": "Jerker Karlsson",
          "opponent_score": 5,
          "opponent_score_share": 0.4166666666666667,
          "opponent_win_prob": 0.38425397243046266,
          "is_winner": true,
          "opponent_slug": "jerker-karlsson",
          "opponent_hist_score_share": 0.5263087714504718
        },
        {
          "game_id": 130,
          "year": 2017,
          "stage": "\u00e5ttondelsfinal",
          "stage_level": 2,
          "winner": "p2",
          "name": "Ville Nordenankar",
          "score": 9,
          "score_share": 0.6,
          "win_prob": 0.5439878720587736,
          "opponent_name": "Jesper Kronholm",
          "opponent_score": 6,
          "opponent_score_share": 0.4,
          "opponent_win_prob": 0.4560121279412264,
          "is_winner": true,
          "opponent_slug": "jesper-kronholm",
          "opponent_hist_score_share": 0.5928684605155193
        },
        {
          "game_id": 137,
          "year": 2017,
          "stage": "kvartsfinal",
          "stage_level": 3,
          "winner": "p1",
          "name": "Ville Nordenankar",
          "score": 1,
          "score_share": 0.1,
          "win_prob": 0.7226512500044151,
          "opponent_name": "Erik Nordenankar",
          "opponent_score": 9,
          "opponent_score_share": 0.9,
          "opponent_win_prob": 0.27734874999558495,
          "is_winner": false,
          "opponent_slug": "erik-nordenankar",
          "opponent_hist_score_share": 0.6713917107373603
        }
      ],
      "n_games": 4,
      "n_wins": 3
    },
    {
      "year": 2018,
      "last_game": {
        "opponent_name": "Gabriel Nordenankar",
        "opponent_slug": "gabriel-nordenankar",
        "score": 1,
        "opponent_score": 9,
        "is_winner": false,
        "stage": "\u00e5ttondelsfinal"
      },
      "games": [
        {
          "game_id": 154,
          "year": 2018,
          "stage": "gruppspel",
          "stage_level": 0,
          "winner": "p1",
          "name": "Ville Nordenankar",
          "score": 7,
          "score_share": 0.7,
          "win_prob": 0.7650359214282243,
          "opponent_name": "Louise Persson",
          "opponent_score": 3,
          "opponent_score_share": 0.3,
          "opponent_win_prob": 0.2349640785717757,
          "is_winner": true,
          "opponent_slug": "louise-persson",
          "opponent_hist_score_share": 0.570558608058608
        },
        {
          "game_id": 178,
          "year": 2018,
          "stage": "gruppspel",
          "stage_level": 0,
          "winner": "p1",
          "name": "Ville Nordenankar",
          "score": 7,
          "score_share": 0.7777777777777778,
          "win_prob": 0.8715073912406951,
          "opponent_name": "Julius Jorborg",
          "opponent_score": 2,
          "opponent_score_share": 0.2222222222222222,
          "opponent_win_prob": 0.1284926087593049,
          "is_winner": true,
          "opponent_slug": "julius-jorborg",
          "opponent_hist_score_share": 0.4459879406307978
        },
        {
          "game_id": 220,
          "year": 2018,
          "stage": "sextondelsfinal",
          "stage_level": 1,
          "winner": "p1",
          "name": "Ville Nordenankar",
          "score": 9,
          "score_share": 1.0,
          "win_prob": 0.8975294400294883,
          "opponent_name": "Love Elfvelin",
          "opponent_score": 0,
          "opponent_score_share": 0.0,
          "opponent_win_prob": 0.10247055997051169,
          "is_winner": true,
          "opponent_slug": "love-elfvelin",
          "opponent_hist_score_share": 0.4349618635332921
        },
        {
          "game_id": 234,
          "year": 2018,
          "stage": "\u00e5ttondelsfinal",
          "stage_level": 2,
          "winner": "p2",
          "name": "Ville Nordenankar",
          "score": 1,
          "score_share": 0.1,
          "win_prob": 0.325997162178601,
          "opponent_name": "Gabriel Nordenankar",
          "opponent_score": 9,
          "opponent_score_share": 0.9,
          "opponent_win_prob": 0.674002837821399,
          "is_winner": false,
          "opponent_slug": "gabriel-nordenankar",
          "opponent_hist_score_share": 0.6605136495334323
        }
      ],
      "n_games": 4,
      "n_wins": 3
    },
    {
      "year": 2019,
      "last_game": {
        "opponent_name": "Louise Persson",
        "opponent_slug": "louise-persson",
        "score": 0,
        "opponent_score": 8,
        "is_winner": false,
        "stage": "gruppspel"
      },
      "games": [
        {
          "game_id": 262,
          "year": 2019,
          "stage": "gruppspel",
          "stage_level": 0,
          "winner": "p2",
          "name": "Ville Nordenankar",
          "score": 2,
          "score_share": 0.2,
          "win_prob": 0.7848431066780621,
          "opponent_name": "Niklas Frisk",
          "opponent_score": 8,
          "opponent_score_share": 0.8,
          "opponent_win_prob": 0.21515689332193788,
          "is_winner": false,
          "opponent_slug": "niklas-frisk",
          "opponent_hist_score_share": 0.6648148148148149
        },
        {
          "game_id": 303,
          "year": 2019,
          "stage": "gruppspel",
          "stage_level": 0,
          "winner": "p2",
          "name": "Ville Nordenankar",
          "score": 0,
          "score_share": 0.0,
          "win_prob": 0.8197776156020011,
          "opponent_name": "Louise Persson",
          "opponent_score": 8,
          "opponent_score_share": 1.0,
          "opponent_win_prob": 0.18022238439799887,
          "is_winner": false,
          "opponent_slug": "louise-persson",
          "opponent_hist_score_share": 0.570558608058608
        }
      ],
      "n_games": 2,
      "n_wins": 0
    },
    {
      "year": 2020,