{
    "Agnes1": {
        "n_games": 2,
        "score_share": 0.0,
        "opponent_score_share": 0.5827717876534648
    },
    "Alexander Starfelt": {
        "n_games": 7,
        "score_share": 0.44264069264069267,
        "opponent_score_share": 0.5112832497023674
    },
    "Andreas Josefson": {
        "n_games": 5,
        "score_share": 0.4181929181929182,
        "opponent_score_share": 0.6189977831737742
    },
    "Benjamin Ger. Hed.": {
        "n_games": 8,
        "score_share": 0.5242521367521367,
        "opponent_score_share": 0.5120253191117161
    },
    "Bj\u00f6rn Berglund": {
        "n_games": 2,
        "score_share": 0.46153846153846156,
        "opponent_score_share": 0.49838347416472417
    },
    "Bj\u00f6rn Westerfors": {
        "n_games": 2,
        "score_share": 0.5,
        "opponent_score_share": 0.37382062382062387
    },
    "Calle Sandin": {
        "n_games": 2,
        "score_share": 0.4125874125874126,
        "opponent_score_share": 0.48266377719502723
    },
    "Charlotte Johansson": {
        "n_games": 4,
        "score_share": 0.6420454545454545,
        "opponent_score_share": 0.500911218115502
    },
    "Cissi Hellman": {
        "n_games": 15,
        "score_share": 0.47803954097432355,
        "opponent_score_share": 0.525710535931657
    },
    "Conny \u00c5berg": {
        "n_games": 2,
        "score_share": 0.15,
        "opponent_score_share": 0.5180980477855478
    },
    "Daniel Mensak": {
        "n_games": 5,
        "score_share": 0.6307142857142857,
        "opponent_score_share": 0.4933591131091132
    },
    "Edith S\u00f6derstr\u00f6m": {
        "n_games": 3,
        "score_share": 0.25925925925925924,
        "opponent_score_share": 0.5806901976019624
    },
    "Edvin Lindsten": {
        "n_games": 10,
        "score_share": 0.605695644225056,
        "opponent_score_share": 0.4696334538342211
    },
    "Emma1": {
        "n_games": 2,
        "score_share": 0.35833333333333334,
        "opponent_score_share": 0.39559468309468315
    },
    "Erik Nordenankar": {
        "n_games": 24,
        "score_share": 0.710450688395861,
        "opponent_score_share": 0.48516240661421883
    },
    "Erik Sunninger": {
        "n_games": 3,
        "score_share": 0.47222222222222227,
        "opponent_score_share": 0.5311015183074007
    },
    "Estrid": {
        "n_games": 5,
        "score_share": 0.72058229352347,
        "opponent_score_share": 0.5341040223393165
    },
    "Fanny Kjellner": {
        "n_games": 3,
        "score_share": 0.5046296296296297,
        "opponent_score_share": 0.46831885007305174
    },
    "Felix H\u00e4ggstr\u00f6m": {
        "n_games": 2,
        "score_share": 0.4192307692307692,
        "opponent_score_share": 0.51633325008325
    },
    "Filip Tyd\u00e9n": {
        "n_games": 5,
        "score_share": 0.6461829836829838,
        "opponent_score_share": 0.5719554302401896
    },
    "Frida \u00d6hrn": {
        "n_games": 6,
        "score_share": 0.4019522144522145,
        "opponent_score_share": 0.4595215695705892
    },
    "Gabriel Nordenankar": {
        "n_games": 20,
        "score_share": 0.6507491119991121,
        "opponent_score_share": 0.49745709897917234
    },
    "Gustaf Ekenstein": {
        "n_games": 3,
        "score_share": 0.4611111111111111,
        "opponent_score_share": 0.48198371073371077
    },
    "Hannes": {
        "n_games": 4,
        "score_share": 0.57069493006993,
        "opponent_score_share": 0.46807498771653183
    },
    "Henrik Blomkvist": {
        "n_games": 4,
        "score_share": 0.44635780885780885,
        "opponent_score_share": 0.6014741838511021
    },
    "Ida Wimmerman": {
        "n_games": 6,
        "score_share": 0.5017578826402356,
        "opponent_score_share": 0.49757772572898634
    },
    "Isabell Dillstr\u00f6m": {
        "n_games": 2,
        "score_share": 0.36428571428571427,
        "opponent_score_share": 0.512995905609542
    },
    "Jacob Stenman": {
        "n_games": 5,
        "score_share": 0.3577272727272728,
        "opponent_score_share": 0.5179952841276371
    },
    "Jakob Lien": {
        "n_games": 20,
        "score_share": 0.5853708546355605,
        "opponent_score_share": 0.484962322555496
    },
    "Jens Finn\u00e4s": {
        "n_games": 5,
        "score_share": 0.4709090909090909,
        "opponent_score_share": 0.46957152275334096
    },
    "Jens Hultkrans": {
        "n_games": 8,
        "score_share": 0.5053184560537501,
        "opponent_score_share": 0.4822788805915005
    },
    "Jens West": {
        "n_games": 2,
        "score_share": 0.27083333333333337,
        "opponent_score_share": 0.5569444444444445
    },
    "Jerker Karlsson": {
        "n_games": 15,
        "score_share": 0.5226412476412478,
        "opponent_score_share": 0.5471342787902143
    },
    "Jesper Kronholm": {
        "n_games": 7,
        "score_share": 0.5905122655122655,
        "opponent_score_share": 0.479235939129745
    },
    "Joakim Lundin": {
        "n_games": 2,
        "score_share": 0.3484848484848485,
        "opponent_score_share": 0.4519451728826729
    },
    "Joel Danell": {
        "n_games": 2,
        "score_share": 0.4125,
        "opponent_score_share": 0.4666245791245791
    },
    "Johan Alm": {
        "n_games": 5,
        "score_share": 0.6757478632478632,
        "opponent_score_share": 0.4772103299868646
    },
    "Johan Berg": {
        "n_games": 2,
        "score_share": 0.375,
        "opponent_score_share": 0.4870313162216572
    },
    "Johan Ekman": {
        "n_games": 11,
        "score_share": 0.4550928869110687,
        "opponent_score_share": 0.5003418984746728
    },
    "Johan Kjell": {
        "n_games": 12,
        "score_share": 0.558712502094855,
        "opponent_score_share": 0.5127379976418233
    },
    "Johanna R\u00e5dstr\u00f6m": {
        "n_games": 8,
        "score_share": 0.36044823232323236,
        "opponent_score_share": 0.4629384688996034
    },
    "Johannes Birgersson": {
        "n_games": 3,
        "score_share": 0.4713804713804713,
        "opponent_score_share": 0.46995391904170386
    },
    "John Kjellkvist": {
        "n_games": 3,
        "score_share": 0.763888888888889,
        "opponent_score_share": 0.3557303807303807
    },
    "John Qvale": {
        "n_games": 4,
        "score_share": 0.3174048174048174,
        "opponent_score_share": 0.49955747955747953
    },
    "Josefin Asplund": {
        "n_games": 7,
        "score_share": 0.5672184957899244,
        "opponent_score_share": 0.5037786515149961
    },
    "Julius Jorborg": {
        "n_games": 6,
        "score_share": 0.4171777296777297,
        "opponent_score_share": 0.47131170610930995
    },
    "Kajsa Hallberg-Nor.": {
        "n_games": 4,
        "score_share": 0.24941239316239316,
        "opponent_score_share": 0.5051287138787139
    },
    "Karl1": {
        "n_games": 2,
        "score_share": 0.1736111111111111,
        "opponent_score_share": 0.5357181924828984
    },
    "Kevin Carlsson": {
        "n_games": 2,
        "score_share": 0.36713286713286714,
        "opponent_score_share": 0.4930840571465571
    },
    "Klara Gustin": {
        "n_games": 2,
        "score_share": 0.26111111111111107,
        "opponent_score_share": 0.5423190235690236
    },
    "Kusha": {
        "n_games": 4,
        "score_share": 0.4875,
        "opponent_score_share": 0.46948824455216503
    },
    "Leo": {
        "n_games": 2,
        "score_share": 0.35833333333333334,
        "opponent_score_share": 0.51401424351792
    },
    "Linn Debove": {
        "n_games": 4,
        "score_share": 0.40625,
        "opponent_score_share": 0.4940364238992698
    },
    "Linn Enhage": {
        "n_games": 5,
        "score_share": 0.225,
        "opponent_score_share": 0.5409955273484686
    },
    "Lotta Harder": {
        "n_games": 3,
        "score_share": 0.6235690235690236,
        "opponent_score_share": 0.47968767343767343
    },