{
  "n_players": 106,
  "years": [
    2011,
    2012,
    2016,
    2017,
    2018,
    2019
  ],
  "highest_skill": 271.0261300539191,
  "lowest_skill": -41.09038771714925
}