{
  "n_players": 128,
  "years": [
    2011,
    2012,
    2016,
    2017,
    2018,
    2019,
    2020
  ],
  "highest_skill": 271.0261300539191,
  "lowest_skill": -42.309553351753706
}